{
  "img_size": 256,
  "class_names": [
    "akiec",
    "bcc",
    "bkl",
    "df",
    "mel",
    "nv",
    "vasc"
  ],
  "thresholds": [
    0.4655008912086487,
    0.3708864748477936,
    0.33533498644828796,
    0.6254856586456299,
    0.5186358094215393,
    0.07856643199920654,
    0.9389378428459167
  ],
  "preprocess": "inputs * 255.0 -> tf.keras.applications.efficientnet.preprocess_input"
}